id,funded_amount,loan_amount,partner_id,term_in_months,lender_count
999712.6116059703,1278.5091833870054,775.3031454123387,180.14211678580656,7.4227229267728525,81.08472967522277
999712.5479621887,1278.5053226160398,775.2663404925806,143.64870860317146,7.399135170355048,18.48674750207419
996972.5158031784,1305.0008826002877,1431.3923094178606,347.631713090473,11.243702056623796,12.230222895047843
996972.5420891212,1304.917568606259,1431.3202696237317,347.59927765529454,11.293079970759738,12.238778225004372
996972.5034053196,1304.932804602781,1431.3391940847819,143.677169966944,11.315723007407273,12.275315749208563
996972.53129373,1304.9341792848115,775.3007325542898,347.5897366456667,7.445191954301845,12.20037877750075
999712.5170442844,1278.4840305958994,775.2463375076908,143.6923767428337,7.367748996449479,81.03777365076748
996972.5360504311,1304.9937693706113,1431.356817294226,347.6561140705741,11.304007702682414,12.233865365576229
996972.5881580983,1304.9819899268823,1431.256259060687,143.62968759157076,7.403546653412401,12.224331779649066
