id,funded_amount,loan_amount,partner_id,term_in_months,lender_count
1007109.7327242849,1458.271326875192,3702.281063798097,-41.55848451976525,25.08623251880488,0.6719135940857409
1007109.7466135097,479.0924203149343,3702.192300801614,-41.53243266363046,25.182550050546922,30.863574987907597
1007109.7117489964,479.0388020460487,1832.8072562642642,263.25313603084305,25.1092801140276,0.630237059548751
1007109.7408054481,469.1849016088907,870.0596327025568,246.6907161537608,25.199716496680008,60.20626110353281
994748.2149477309,1458.293951579308,3702.1487522754737,-41.46662159997891,4.694932960860999,30.858880059472973
994748.124879768,1458.2315791239512,1832.785654645857,263.22575148345373,25.113104926438442,0.7122355011541575
1007109.7601615012,1458.2385816577103,3702.094665248933,-41.54501685739411,25.09999641466055,0.5988623633335058
1007109.7948562811,479.1039509154742,1832.7904282709858,246.71779597092868,25.10567997918398,0.6278647487582294
994748.2444898733,1458.3070863886846,3702.1178305739486,263.22301724674804,25.15022644678186,0.6854319183993842
