sector,sentiment
Personal Use,0.26092376343977275
Clothing,0.132861380164424
Retail,0.10044993313985444
Wholesale,0.08871389616342298
Entertainment,0.08670976365780582
Construction,0.08613393357570129
Food,0.08588433393622316
Services,0.08297345632332824
Health,0.06317917160603922
Education,0.04895017651930479
Agriculture,0.04530514885503946
Transportation,0.0402283461512663
Manufacturing,0.032256864788275864
Housing,0.030915480450125883
Arts,0.030093091090240755
